url,digitsInURL,lenOfURL,domainsList,esc,ln,avglen,wordcount,distCount,linkcount,hrefcount,evalCount,unescapeCount,escapeCount,searchCount,execCount,linkCount,activeXCount,phish_id,phish_detail_url,submission_time,verified,verification_time,online,target
http://sitesumo.com/mailveriad/main.html,0,40,"['/sitesumo', 'com/']",40,47155,38.60657119,1187,615,0,1,0,0,0,0,0,0,0,6218654,http://www.phishtank.com/phish_detail.php?phish_id=6218654,2019-09-30T12:49:33+00:00,yes,2019-09-30T12:49:53+00:00,yes,Other
http://rancholeona.com/wp-admin/css/hjddkdkd1234/login.php,4,59,"['/rancholeona', 'com/']",154,2400,10.791666666666666,168,120,3,0,0,0,0,0,0,0,0,6217017,http://www.phishtank.com/phish_detail.php?phish_id=6217017,2019-09-29T00:02:46+00:00,yes,2019-09-29T00:09:36+00:00,yes,Other
http://tchadoc.com/wp-admin/home/bankofamerica.com/BOA/home/,0,60,"['/tchadoc', 'com/']",8432,88525,10.736713588049412,6962,1853,44,18,0,0,0,0,0,0,0,6217011,http://www.phishtank.com/phish_detail.php?phish_id=6217011,2019-09-29T00:02:27+00:00,yes,2019-09-29T00:08:07+00:00,yes,Other
http://tchadoc.com/wp-admin/home/bankofamerica.com/BOA/home,0,60,"['/tchadoc', 'com/']",8432,88525,10.736713588049412,6962,1853,44,18,0,0,0,0,0,0,0,6217009,http://www.phishtank.com/phish_detail.php?phish_id=6217009,2019-09-29T00:02:23+00:00,yes,2019-09-29T00:07:22+00:00,yes,Other
http://freegirl.pl/images/empty/login.php?l=_jehfuq_vjoxk0qwhtogydw1774256418&amp;fid.13inboxlight.aspxn.1774256418&amp;fid.125289964252813inboxlight99642_product-userid&amp;userid=,43,182,"['/freegirl', 'pl/']",99,5032,10.866666666666667,405,245,1,1,0,0,0,0,0,0,0,6217005,http://www.phishtank.com/phish_detail.php?phish_id=6217005,2019-09-29T00:02:11+00:00,yes,2019-09-29T00:06:38+00:00,yes,Other
https://freegirl.pl/images/empty/login.php?l=_jehfuq_vjoxk0qwhtogydw1774256418&amp;fid.13inboxlight.aspxn.1774256418&amp;fid.125289964252813inboxlight99642_product-userid&amp;userid=,43,183,"['/freegirl', 'pl/']",99,5032,10.866666666666667,405,245,1,1,0,0,0,0,0,0,0,6217006,http://www.phishtank.com/phish_detail.php?phish_id=6217006,2019-09-29T00:02:11+00:00,yes,2019-09-29T00:06:38+00:00,yes,Other
http://kratkai.de/allegro.pl/login/form,0,40,"['/kratkai', 'de/']",375,103993,15.403072673916796,5793,1963,2,34,0,0,0,0,0,0,0,6216759,http://www.phishtank.com/phish_detail.php?phish_id=6216759,2019-09-28T18:05:10+00:00,yes,2019-09-28T18:06:42+00:00,yes,Allegro
http://pila-lugansk.ru/processing.php,0,38,"['/pila-lugansk', 'ru/']",191,9100,12.329979879275655,497,278,1,5,0,0,0,0,0,0,0,6216745,http://www.phishtank.com/phish_detail.php?phish_id=6216745,2019-09-28T17:54:07+00:00,yes,2019-09-28T17:54:56+00:00,yes,PayPal
https://www.contangede.de/toda/toda,0,36,"['/www', 'contangede', 'de/']",84,4086,9.900293255131965,341,222,2,1,0,0,0,0,0,0,0,6216671,http://www.phishtank.com/phish_detail.php?phish_id=6216671,2019-09-28T17:00:38+00:00,yes,2019-09-28T17:02:54+00:00,yes,Other
http://parallelchemicals.com/xjakwljakwlpap/main.html?accessToFile=accessing&fileAccess=90720&encryptedCookie=4cf2bd3f507b62ed0c45c545a49398b3&u=566556c02084f644b3bd2518ac11801d&connecting=96d48de06ccd3effde07a37227ba21e5&phaseAccess=526bd011a7be8b1855539a5570e2a9ec&p=7aabc61697349d2e3b9496b1505a0697,110,302,"['/parallelchemicals', 'com/']",51,1877,9.658064516129032,155,104,3,5,0,0,0,0,0,0,0,6216606,http://www.phishtank.com/phish_detail.php?phish_id=6216606,2019-09-28T16:00:41+00:00,yes,2019-09-28T16:02:56+00:00,yes,Other
http://parallelchemicals.com/xjakwljakwlpap/,0,44,"['/parallelchemicals', 'com/']",51,1877,9.658064516129032,155,104,3,5,0,0,0,0,0,0,0,6216605,http://www.phishtank.com/phish_detail.php?phish_id=6216605,2019-09-28T16:00:40+00:00,yes,2019-09-28T16:02:11+00:00,yes,Other
http://aisedubd.com/assets/,0,27,"['/aisedubd', 'com/']",5,669,26.916666666666668,24,22,1,0,0,0,0,0,0,0,0,6216603,http://www.phishtank.com/phish_detail.php?phish_id=6216603,2019-09-28T16:00:32+00:00,yes,2019-09-28T16:01:27+00:00,yes,Other
http://www.halfwaytreeri.com/wp-content/cache@/mail/35bf163461edab58b50a1c20d91ac086,20,85,"['/www', 'halfwaytreeri', 'com/']",120,7592,25.783898305084747,236,136,1,1,0,0,0,0,0,0,0,6216561,http://www.phishtank.com/phish_detail.php?phish_id=6216561,2019-09-28T15:01:12+00:00,yes,2019-09-28T15:04:43+00:00,yes,Other
http://www.contangede.de/toda/toda,0,35,"['/www', 'contangede', 'de/']",84,4086,9.900293255131965,341,222,2,1,0,0,0,0,0,0,0,6216559,http://www.phishtank.com/phish_detail.php?phish_id=6216559,2019-09-28T15:01:03+00:00,yes,2019-09-28T15:03:59+00:00,yes,Other
http://lpexpat.com/wp-includes/page4,1,37,"['/lpexpat', 'com/']",84,4094,9.92375366568915,341,222,2,1,0,0,0,0,0,0,0,6216557,http://www.phishtank.com/phish_detail.php?phish_id=6216557,2019-09-28T15:00:55+00:00,yes,2019-09-28T15:03:14+00:00,yes,Other
https://rancholeona.com/wp-admin/css/hjddkdkd1234/login.php,4,60,"['/rancholeona', 'com/']",154,2400,10.791666666666666,168,120,3,0,0,0,0,0,0,0,0,6216508,http://www.phishtank.com/phish_detail.php?phish_id=6216508,2019-09-28T14:03:46+00:00,yes,2019-09-28T14:16:35+00:00,yes,Other
http://count.mail.163.com.agapehealthservicesinc.com/mjt/whnsw/?email=nobody@mycraftmail.com,3,93,"['/count', 'mail', '163', 'com', 'agapehealthservicesinc', 'com/']",108,1034,14.610169491525424,59,48,1,0,0,0,0,0,0,0,0,6216496,http://www.phishtank.com/phish_detail.php?phish_id=6216496,2019-09-28T14:03:08+00:00,yes,2019-09-28T14:14:23+00:00,yes,Other
http://parallelchemicals.com/xjakwljakwlpap/main.html?accessToFile=validating&fileAccess=45736&encryptedCookie=df8d6c93ae1f14125dba6c6b461610a6&u=aca1bc8a095efc058326b318cfbc6c12&connecting=9d583e67aa302dd1ca1d0a1252e0f558&phaseAccess=ac7ad68286ae72a275fade842109636e&p=26c7479aa8ed312943edd2460e38e162,103,303,"['/parallelchemicals', 'com/']",51,1877,9.658064516129032,155,104,3,5,0,0,0,0,0,0,0,6216492,http://www.phishtank.com/phish_detail.php?phish_id=6216492,2019-09-28T14:02:49+00:00,yes,2019-09-28T14:12:54+00:00,yes,Other
http://parallelchemicals.com/xjakwljakwlpap,0,44,"['/parallelchemicals', 'com/']",51,1877,9.658064516129032,155,104,3,5,0,0,0,0,0,0,0,6216491,http://www.phishtank.com/phish_detail.php?phish_id=6216491,2019-09-28T14:02:47+00:00,yes,2019-09-28T14:12:54+00:00,yes,Other
http://aisedubd.com/assets,0,27,"['/aisedubd', 'com/']",5,669,26.916666666666668,24,22,1,0,0,0,0,0,0,0,0,6216489,http://www.phishtank.com/phish_detail.php?phish_id=6216489,2019-09-28T14:02:41+00:00,yes,2019-09-28T14:12:10+00:00,yes,Other
http://shavinsharp.com/sar,0,27,"['/shavinsharp', 'com/']",2301,49541,8.426320891904993,4126,1268,0,28,0,0,0,0,0,0,0,6216487,http://www.phishtank.com/phish_detail.php?phish_id=6216487,2019-09-28T14:02:37+00:00,yes,2019-09-28T14:12:10+00:00,yes,Other
http://shavinsharp.com/sar/,0,27,"['/shavinsharp', 'com/']",2301,49541,8.426320891904993,4126,1268,0,28,0,0,0,0,0,0,0,6216488,http://www.phishtank.com/phish_detail.php?phish_id=6216488,2019-09-28T14:02:37+00:00,yes,2019-09-28T14:12:10+00:00,yes,Other
https://www.contangede.de/toda/toda/,0,36,"['/www', 'contangede', 'de/']",84,4086,9.900293255131965,341,222,2,1,0,0,0,0,0,0,0,6216480,http://www.phishtank.com/phish_detail.php?phish_id=6216480,2019-09-28T14:02:08+00:00,yes,2019-09-28T14:09:57+00:00,yes,Other
http://www.contangede.de/toda/toda/,0,35,"['/www', 'contangede', 'de/']",84,4086,9.900293255131965,341,222,2,1,0,0,0,0,0,0,0,6216479,http://www.phishtank.com/phish_detail.php?phish_id=6216479,2019-09-28T14:02:07+00:00,yes,2019-09-28T14:09:57+00:00,yes,Other
http://www.halfwaytreeri.com/wp-content/cache@/mail/35bf163461edab58b50a1c20d91ac086/index2.php,21,96,"['/www', 'halfwaytreeri', 'com/']",120,7592,25.783898305084747,236,136,1,1,0,0,0,0,0,0,0,6216476,http://www.phishtank.com/phish_detail.php?phish_id=6216476,2019-09-28T14:01:59+00:00,yes,2019-09-28T14:08:28+00:00,yes,Other
http://www.halfwaytreeri.com/wp-content/cache@/mail/35bf163461edab58b50a1c20d91ac086/,20,85,"['/www', 'halfwaytreeri', 'com/']",120,7592,25.783898305084747,236,136,1,1,0,0,0,0,0,0,0,6216475,http://www.phishtank.com/phish_detail.php?phish_id=6216475,2019-09-28T14:01:55+00:00,yes,2019-09-28T14:08:28+00:00,yes,Other
http://lpexpat.com/wp-includes/page4/,1,37,"['/lpexpat', 'com/']",84,4094,9.92375366568915,341,222,2,1,0,0,0,0,0,0,0,6216451,http://www.phishtank.com/phish_detail.php?phish_id=6216451,2019-09-28T14:00:45+00:00,yes,2019-09-28T14:02:33+00:00,yes,Other
http://bech.demo.ru.com/?D,0,27,"['/bech', 'demo', 'ru', 'com/']",7,155,14.5,10,10,0,0,0,0,0,0,0,0,0,6216445,http://www.phishtank.com/phish_detail.php?phish_id=6216445,2019-09-28T13:58:35+00:00,yes,2019-09-28T13:59:37+00:00,yes,Other
http://vkoltakti.webservis.ru,0,30,"['/vkoltakti', 'webservis', 'ru/']",769,5510,10.294930875576037,434,246,2,5,0,0,0,0,0,0,0,6216430,http://www.phishtank.com/phish_detail.php?phish_id=6216430,2019-09-28T13:26:23+00:00,yes,2019-09-28T13:26:50+00:00,yes,Other
http://gmohanlal.co.in/img/fav/sec/1/index.php,1,47,"['/gmohanlal', 'co', 'in/']",120,7588,25.766949152542374,236,136,1,1,0,0,0,0,0,0,0,6216353,http://www.phishtank.com/phish_detail.php?phish_id=6216353,2019-09-28T11:04:17+00:00,yes,2019-09-28T11:15:20+00:00,yes,Other
http://globalgaming.cm/wp-admin/user/welk/shy/fan/pdfautofill/login.php?userid=jsmith@imaphost.com,0,99,"['/globalgaming', 'cm/']",84,2741,12.074257425742575,202,151,1,3,0,0,0,0,0,0,0,6216352,http://www.phishtank.com/phish_detail.php?phish_id=6216352,2019-09-28T11:04:13+00:00,yes,2019-09-28T11:15:20+00:00,yes,Other
http://globalgaming.cm/wp-admin/user/credt/sshnn/sedd/pdfautofill/login.php?userid=jsmith@imaphost.com,0,103,"['/globalgaming', 'cm/']",84,2741,12.074257425742575,202,151,1,3,0,0,0,0,0,0,0,6216351,http://www.phishtank.com/phish_detail.php?phish_id=6216351,2019-09-28T11:04:08+00:00,yes,2019-09-28T11:14:36+00:00,yes,Other
http://icloud.com.signin-support.id/index.php,0,46,"['/icloud', 'com', 'signin-support', 'id/']",266,45381,29.17776252573782,1457,865,2,0,0,0,0,0,0,0,0,6216336,http://www.phishtank.com/phish_detail.php?phish_id=6216336,2019-09-28T11:03:03+00:00,yes,2019-09-28T11:11:40+00:00,yes,Other
https://eagle10.firebaseapp.com/appleid.apple.com,2,50,"['/eagle10', 'firebaseapp', 'com/']",298,328217,28.98989048020219,10683,3797,0,0,0,0,0,0,0,0,0,6216301,http://www.phishtank.com/phish_detail.php?phish_id=6216301,2019-09-28T11:00:45+00:00,yes,2019-09-28T11:02:48+00:00,yes,Other
http://inspirefinances.live/ook/office_micro/login/office,0,58,"['/inspirefinances', 'live/']",120,7598,25.809322033898304,236,136,1,1,0,0,0,0,0,0,0,6216296,http://www.phishtank.com/phish_detail.php?phish_id=6216296,2019-09-28T11:00:24+00:00,yes,2019-09-28T11:01:20+00:00,yes,Other
https://bestcharge.ru/exchangers/btcswap-exchanger/?o,0,54,"['/bestcharge', 'ru/']",84,4108,9.964809384164223,341,222,2,1,0,0,0,0,0,0,0,6216241,http://www.phishtank.com/phish_detail.php?phish_id=6216241,2019-09-28T09:14:01+00:00,yes,2019-09-28T09:14:44+00:00,yes,Other
http://smbc-cn.com,0,19,"['/smbc-cn', 'com/']",71,2901,13.93421052631579,152,114,3,0,0,0,0,0,0,0,0,6216218,http://www.phishtank.com/phish_detail.php?phish_id=6216218,2019-09-28T08:48:01+00:00,yes,2019-09-28T08:49:18+00:00,yes,Other
http://inspirefinances.live/ook/office_micro/login/office/,0,58,"['/inspirefinances', 'live/']",120,7598,25.809322033898304,236,136,1,1,0,0,0,0,0,0,0,6216187,http://www.phishtank.com/phish_detail.php?phish_id=6216187,2019-09-28T07:52:31+00:00,yes,2019-09-28T07:53:34+00:00,yes,Microsoft
http://accurocket.com/goddaddy-emailuser.com/,0,45,"['/accurocket', 'com/']",58,4773,25.477777777777778,180,178,0,0,0,0,0,0,0,0,0,6216181,http://www.phishtank.com/phish_detail.php?phish_id=6216181,2019-09-28T07:50:00+00:00,yes,2019-09-28T07:51:22+00:00,yes,Other
https://bestdiscounts.lk/drop/dbropbox/login/login,0,51,"['/bestdiscounts', 'lk/']",120,7562,25.656779661016948,236,136,1,1,0,0,0,0,0,0,0,6216103,http://www.phishtank.com/phish_detail.php?phish_id=6216103,2019-09-28T03:01:18+00:00,yes,2019-09-28T05:20:41+00:00,yes,Other
http://cbbaroc.org/CBBAROC/modules/forum/for.rft,0,49,"['/cbbaroc', 'org/']",9,317,16.0,18,18,0,0,0,0,0,0,0,0,0,6216092,http://www.phishtank.com/phish_detail.php?phish_id=6216092,2019-09-28T03:00:29+00:00,yes,2019-09-28T05:17:44+00:00,yes,Other
https://bestdiscounts.lk/drop/dbropbox/login/login/,0,51,"['/bestdiscounts', 'lk/']",120,7562,25.656779661016948,236,136,1,1,0,0,0,0,0,0,0,6216030,http://www.phishtank.com/phish_detail.php?phish_id=6216030,2019-09-28T02:01:28+00:00,yes,2019-09-28T05:02:12+00:00,yes,Other
http://alanyabesiktaslilardernegi.com/wp-admin/includes/my.dhl-com/index.php,0,77,"['/alanyabesiktaslilardernegi', 'com/']",120,7618,25.89406779661017,236,136,1,1,0,0,0,0,0,0,0,6216013,http://www.phishtank.com/phish_detail.php?phish_id=6216013,2019-09-28T02:00:35+00:00,yes,2019-09-28T04:57:00+00:00,yes,Other
https://medersa-champs.org/includes/2/SF-Express/SF-Express/e-invoice.php,1,74,"['/medersa-champs', 'org/']",2679,46026,10.196073366055282,3871,626,1,44,0,0,0,0,0,0,0,6215988,http://www.phishtank.com/phish_detail.php?phish_id=6215988,2019-09-28T01:17:47+00:00,yes,2019-09-28T04:50:18+00:00,yes,Other
https://freegirl.pl/images/empty/login.php?l=_JeHFUq_VJOXK0QWHtoGYDw1774256418&fid.13InboxLight.aspxn.1774256418&fid.125289964252813InboxLight99642_Product-userid&userid=,43,171,"['/freegirl', 'pl/']",99,5033,10.869135802469136,405,245,1,1,0,0,0,0,0,0,0,6215945,http://www.phishtank.com/phish_detail.php?phish_id=6215945,2019-09-28T00:00:25+00:00,yes,2019-09-28T04:42:05+00:00,yes,Other
http://cbbaroc.org/CBBAROC/modules/forum/for.rft/,0,49,"['/cbbaroc', 'org/']",9,317,16.0,18,18,0,0,0,0,0,0,0,0,0,6215926,http://www.phishtank.com/phish_detail.php?phish_id=6215926,2019-09-27T23:36:10+00:00,yes,2019-09-28T04:37:35+00:00,yes,PayPal
https://vigtusers.blogspot.lt/,0,30,"['/vigtusers', 'blogspot', 'lt/']",2599,63804,12.837310195227765,4610,1851,8,3,0,0,0,0,0,0,0,6215920,http://www.phishtank.com/phish_detail.php?phish_id=6215920,2019-09-27T23:18:09+00:00,yes,2019-09-28T04:36:50+00:00,yes,PayPal
https://vigtusers.blogspot.com.ee/,0,34,"['/vigtusers', 'blogspot', 'com', 'ee/']",2599,63804,12.837310195227765,4610,1851,8,3,0,0,0,0,0,0,0,6215913,http://www.phishtank.com/phish_detail.php?phish_id=6215913,2019-09-27T23:03:12+00:00,yes,2019-09-28T04:35:20+00:00,yes,PayPal
http://twovetstalkpets.com.au/wells,0,36,"['/twovetstalkpets', 'com', 'au/']",120,7602,25.826271186440678,236,136,1,1,0,0,0,0,0,0,0,6215901,http://www.phishtank.com/phish_detail.php?phish_id=6215901,2019-09-27T23:00:42+00:00,yes,2019-09-28T04:30:50+00:00,yes,Other
https://cbcrtik.blogspot.com/,0,29,"['/cbcrtik', 'blogspot', 'com/']",2599,63994,12.869499241274658,4613,1854,8,3,0,0,0,0,0,0,0,6215893,http://www.phishtank.com/phish_detail.php?phish_id=6215893,2019-09-27T22:51:46+00:00,yes,2019-09-28T04:29:20+00:00,yes,PayPal
http://cbcrtik.blogspot.com/,0,28,"['/cbcrtik', 'blogspot', 'com/']",2599,63994,12.869499241274658,4613,1854,8,3,0,0,0,0,0,0,0,6215892,http://www.phishtank.com/phish_detail.php?phish_id=6215892,2019-09-27T22:51:45+00:00,yes,2019-09-28T04:28:35+00:00,yes,PayPal
https://vigtusers.blogspot.rs/,0,30,"['/vigtusers', 'blogspot', 'rs/']",2599,63804,12.837310195227765,4610,1851,8,3,0,0,0,0,0,0,0,6215883,http://www.phishtank.com/phish_detail.php?phish_id=6215883,2019-09-27T22:36:06+00:00,yes,2019-09-28T04:26:19+00:00,yes,PayPal
https://vigtusers.blogspot.ba/,0,30,"['/vigtusers', 'blogspot', 'ba/']",2599,63804,12.837310195227765,4610,1851,8,3,0,0,0,0,0,0,0,6215877,http://www.phishtank.com/phish_detail.php?phish_id=6215877,2019-09-27T22:33:06+00:00,yes,2019-09-28T04:24:49+00:00,yes,PayPal
https://vigtusers.blogspot.com/,0,31,"['/vigtusers', 'blogspot', 'com/']",2599,63804,12.837310195227765,4610,1851,8,3,0,0,0,0,0,0,0,6215859,http://www.phishtank.com/phish_detail.php?phish_id=6215859,2019-09-27T22:12:13+00:00,yes,2019-09-28T04:21:47+00:00,yes,PayPal
http://inspirefinances.com/port/v3,1,35,"['/inspirefinances', 'com/']",120,7596,25.800847457627118,236,136,1,1,0,0,0,0,0,0,0,6215829,http://www.phishtank.com/phish_detail.php?phish_id=6215829,2019-09-27T22:00:46+00:00,yes,2019-09-28T04:12:34+00:00,yes,Other
http://globalgaming.cm/wp-admin/user/credt/sshnn/sedd/pdfautofill/login.php?userid=_xxx@yyy.com__,0,98,"['/globalgaming', 'cm/']",84,2736,12.049504950495049,202,151,1,3,0,0,0,0,0,0,0,6215794,http://www.phishtank.com/phish_detail.php?phish_id=6215794,2019-09-27T21:02:03+00:00,yes,2019-09-27T21:07:43+00:00,yes,Other
http://bryanlark.com/rest,0,26,"['/bryanlark', 'com/']",115,7295,26.152466367713004,223,126,1,0,0,0,0,0,0,0,0,6215779,http://www.phishtank.com/phish_detail.php?phish_id=6215779,2019-09-27T21:01:04+00:00,yes,2019-09-27T21:03:13+00:00,yes,Other
http://49.206.244.236/cesintranet/cliente/Acesso/pessoa-fisica.php,11,67,"['/pessoa-fisica', 'php/']",272,9965,10.115825688073395,872,392,0,0,0,0,0,0,0,0,0,6215767,http://www.phishtank.com/phish_detail.php?phish_id=6215767,2019-09-27T20:46:47+00:00,yes,2019-09-27T20:47:26+00:00,yes,Other
http://globalgaming.cm/wp-admin/user/credt/sshnn/sedd/pdfautofill/login.php?userid=xxx@yyy.com,0,95,"['/globalgaming', 'cm/']",84,2733,12.034653465346535,202,151,1,3,0,0,0,0,0,0,0,6215716,http://www.phishtank.com/phish_detail.php?phish_id=6215716,2019-09-27T20:01:04+00:00,yes,2019-09-27T20:03:51+00:00,yes,Other
http://twovetstalkpets.com.au/wells/,0,36,"['/twovetstalkpets', 'com', 'au/']",120,7602,25.826271186440678,236,136,1,1,0,0,0,0,0,0,0,6215710,http://www.phishtank.com/phish_detail.php?phish_id=6215710,2019-09-27T20:00:38+00:00,yes,2019-09-27T20:02:21+00:00,yes,Other
http://aeriator.com/xx/upgrade/upload/,0,38,"['/aeriator', 'com/']",66,4822,22.047846889952154,209,205,0,0,0,0,0,0,0,0,0,6215577,http://www.phishtank.com/phish_detail.php?phish_id=6215577,2019-09-27T18:28:43+00:00,yes,2019-09-27T18:29:57+00:00,yes,Other
http://inspirefinances.com/port/v3/,1,35,"['/inspirefinances', 'com/']",120,7596,25.800847457627118,236,136,1,1,0,0,0,0,0,0,0,6215573,http://www.phishtank.com/phish_detail.php?phish_id=6215573,2019-09-27T18:27:32+00:00,yes,2019-09-27T18:29:13+00:00,yes,Other
http://excalism.com/Pic/CMingle/,0,32,"['/excalism', 'com/']",120,7582,25.741525423728813,236,136,1,1,0,0,0,0,0,0,0,6215564,http://www.phishtank.com/phish_detail.php?phish_id=6215564,2019-09-27T18:19:37+00:00,yes,2019-09-27T18:21:01+00:00,yes,Other
http://aeriator.com/thumb/templates/dhl/upgrade/,0,48,"['/aeriator', 'com/']",66,4822,22.047846889952154,209,205,0,0,0,0,0,0,0,0,0,6215557,http://www.phishtank.com/phish_detail.php?phish_id=6215557,2019-09-27T18:15:12+00:00,yes,2019-09-27T18:16:34+00:00,yes,Other
http://xericlandxanthippelady.com/44110029ion/login.php,8,56,"['/xericlandxanthippelady', 'com/']",99,4389,12.062305295950155,321,219,1,7,0,0,0,0,0,0,0,6215511,http://www.phishtank.com/phish_detail.php?phish_id=6215511,2019-09-27T17:47:18+00:00,yes,2019-09-27T17:48:26+00:00,yes,Other
http://xericlandxanthippelady.com/77228819re/login.php,8,55,"['/xericlandxanthippelady', 'com/']",121,4161,11.160377358490566,318,194,1,3,0,0,0,0,0,0,0,6215509,http://www.phishtank.com/phish_detail.php?phish_id=6215509,2019-09-27T17:45:40+00:00,yes,2019-09-27T17:46:13+00:00,yes,Other
http://aeriator.com/adm/upgrade/upgrade/,0,40,"['/aeriator', 'com/']",66,4822,22.047846889952154,209,205,0,0,0,0,0,0,0,0,0,6215507,http://www.phishtank.com/phish_detail.php?phish_id=6215507,2019-09-27T17:45:13+00:00,yes,2019-09-27T17:46:13+00:00,yes,Other
http://inspirefinances.com/port/port/login.php,0,47,"['/inspirefinances', 'com/']",120,7596,25.800847457627118,236,136,1,1,0,0,0,0,0,0,0,6215504,http://www.phishtank.com/phish_detail.php?phish_id=6215504,2019-09-27T17:44:30+00:00,yes,2019-09-27T17:45:29+00:00,yes,Microsoft
http://xericlandxanthippelady.com/44477281st/login.php,8,55,"['/xericlandxanthippelady', 'com/']",103,3976,11.653198653198654,297,188,1,5,0,0,0,0,0,0,0,6215484,http://www.phishtank.com/phish_detail.php?phish_id=6215484,2019-09-27T17:37:28+00:00,yes,2019-09-27T17:38:48+00:00,yes,Other
http://bryanlark.com/rest/,0,26,"['/bryanlark', 'com/']",115,7295,26.152466367713004,223,126,1,0,0,0,0,0,0,0,0,6215468,http://www.phishtank.com/phish_detail.php?phish_id=6215468,2019-09-27T17:25:07+00:00,yes,2019-09-27T17:26:16+00:00,yes,Other
http://jurnal.stai-aljawami.ac.id/.well-known/pki-validation/emoji/main/main/doc/hub/,0,85,"['/jurnal', 'stai-aljawami', 'ac', 'id/']",175,4730,10.597938144329897,388,220,3,10,0,0,0,0,0,0,0,6215336,http://www.phishtank.com/phish_detail.php?phish_id=6215336,2019-09-27T16:00:34+00:00,yes,2019-09-27T16:02:21+00:00,yes,Other
http://jurnal.stai-aljawami.ac.id/.well-known/pki-validation/emoji/main/main/doc/hub,0,85,"['/jurnal', 'stai-aljawami', 'ac', 'id/']",175,4730,10.597938144329897,388,220,3,10,0,0,0,0,0,0,0,6215335,http://www.phishtank.com/phish_detail.php?phish_id=6215335,2019-09-27T16:00:33+00:00,yes,2019-09-27T16:02:21+00:00,yes,Other
http://www.stephanehamard.com/components/com_joomlastats/FR/43c9a006c4ca99bf308e4d95d2c30a4f,19,93,"['/www', 'stephanehamard', 'com/']",311,3230,10.933852140077821,257,167,1,0,0,0,0,0,0,0,0,6215269,http://www.phishtank.com/phish_detail.php?phish_id=6215269,2019-09-27T15:02:30+00:00,yes,2019-09-27T15:13:53+00:00,yes,Other
http://tradeconnect.com.au/wp-includes/pomo/oscjnx/1/NewAli,1,60,"['/tradeconnect', 'com', 'au/']",643,10503,16.63110307414105,553,308,0,27,0,0,0,0,0,0,0,6215144,http://www.phishtank.com/phish_detail.php?phish_id=6215144,2019-09-27T14:05:34+00:00,yes,2019-09-27T14:22:00+00:00,yes,Other
http://tradeconnect.com.au/wp-includes/pomo/oscjnx/1/NewAli/,1,60,"['/tradeconnect', 'com', 'au/']",643,10503,16.63110307414105,553,308,0,27,0,0,0,0,0,0,0,6215145,http://www.phishtank.com/phish_detail.php?phish_id=6215145,2019-09-27T14:05:34+00:00,yes,2019-09-27T14:22:00+00:00,yes,Other
http://facebook.com.https.s1.gvirabi.com/pages/San-Francisco-California/114952118516947,16,88,"['/facebook', 'com', 'https', 's1', 'gvirabi', 'com/']",34,161612,110.07353951890035,1455,1018,15,46,0,0,0,0,0,0,0,6215135,http://www.phishtank.com/phish_detail.php?phish_id=6215135,2019-09-27T14:05:09+00:00,yes,2019-09-27T14:19:48+00:00,yes,Other
http://facebook.com.https.s1.gvirabi.com/pages/Paris-France/110774245616525,16,76,"['/facebook', 'com', 'https', 's1', 'gvirabi', 'com/']",34,161137,110.74549237170596,1442,1009,15,46,0,0,0,0,0,0,0,6215133,http://www.phishtank.com/phish_detail.php?phish_id=6215133,2019-09-27T14:04:59+00:00,yes,2019-09-27T14:19:48+00:00,yes,Other
http://facebook.com.https.s1.gvirabi.com/pages/Los-Angeles-California/110970792260960,16,86,"['/facebook', 'com', 'https', 's1', 'gvirabi', 'com/']",34,161584,109.7498286497601,1459,1020,15,46,0,0,0,0,0,0,0,6215132,http://www.phishtank.com/phish_detail.php?phish_id=6215132,2019-09-27T14:04:55+00:00,yes,2019-09-27T14:19:48+00:00,yes,Other
http://facebook.com.https.s1.gvirabi.com/pages/Berlin-Germany/111175118906315,16,78,"['/facebook', 'com', 'https', 's1', 'gvirabi', 'com/']",34,160869,111.96980337078652,1424,1006,15,41,0,0,0,0,0,0,0,6215128,http://www.phishtank.com/phish_detail.php?phish_id=6215128,2019-09-27T14:04:40+00:00,yes,2019-09-27T14:18:19+00:00,yes,Other
http://facebook.com.https.s1.gvirabi.com/pages/Madrid-Spain/106504859386230,16,76,"['/facebook', 'com', 'https', 's1', 'gvirabi', 'com/']",34,159220,116.76627218934911,1352,975,15,26,0,0,0,0,0,0,0,6215127,http://www.phishtank.com/phish_detail.php?phish_id=6215127,2019-09-27T14:04:35+00:00,yes,2019-09-27T14:18:19+00:00,yes,Other
http://facebook.com.https.s1.gvirabi.com/marketplace/directory/f,1,65,"['/facebook', 'com', 'https', 's1', 'gvirabi', 'com/']",22,90866,67.62915407854985,1324,949,2,27,0,0,0,0,0,0,0,6215122,http://www.phishtank.com/phish_detail.php?phish_id=6215122,2019-09-27T14:04:15+00:00,yes,2019-09-27T14:16:51+00:00,yes,Other
http://aeriator.com/thumb/samples/DHL_Express_package_unable_Mail_update/Locate_device/package_tracking1.php,1,109,"['/aeriator', 'com/']",66,4822,22.047846889952154,209,205,0,0,0,0,0,0,0,0,0,6215109,http://www.phishtank.com/phish_detail.php?phish_id=6215109,2019-09-27T14:03:22+00:00,yes,2019-09-27T14:13:53+00:00,yes,Other
https://tmlewin.id/mail202/login.php,3,37,"['/tmlewin', 'id/']",304,7157,11.44916820702403,541,337,1,2,0,0,0,0,0,0,0,6215092,http://www.phishtank.com/phish_detail.php?phish_id=6215092,2019-09-27T14:02:23+00:00,yes,2019-09-27T14:09:27+00:00,yes,Other
http://www.stephanehamard.com/components/com_joomlastats/FR/43c9a006c4ca99bf308e4d95d2c30a4f/,19,93,"['/www', 'stephanehamard', 'com/']",311,3230,10.933852140077821,257,167,1,0,0,0,0,0,0,0,0,6215086,http://www.phishtank.com/phish_detail.php?phish_id=6215086,2019-09-27T14:01:58+00:00,yes,2019-09-27T14:07:58+00:00,yes,Other
http://perkpolder.com/wp/wp-content/plugins/contact-form-12/redirect.php,2,73,"['/perkpolder', 'com/']",27,397,16.19047619047619,21,20,0,0,0,0,0,0,0,0,0,6215055,http://www.phishtank.com/phish_detail.php?phish_id=6215055,2019-09-27T13:39:30+00:00,yes,2019-09-27T13:41:02+00:00,yes,Other
https://magaluexpres.com/22405a7jvbbgteklaopjnm/index.php?rt-tv-led-32-samsung-j4290-wi-fi-conversor-digital-2-hdmi-1-usb/p/193421800/et/elit/&amp;id=1,24,152,"['/magaluexpres', 'com/']",49,421,15.652173913043478,23,23,1,0,0,0,0,0,0,0,0,6215027,http://www.phishtank.com/phish_detail.php?phish_id=6215027,2019-09-27T13:24:48+00:00,yes,2019-09-27T13:25:43+00:00,yes,Other
https://fernando-ros.com/wp-admin/js/BankOfAmerica/account/tologin/summary/index/Onlinebanking/bankofamerica/login.php?cmd=login_submit&amp;id=36652c7d4050b9f5d39e17afc44d568e36652c7d4050b9f5d39e17afc44d568e&amp;session=36652c7d4050b9f5d39e17afc44d568e36652c7d4050b9f5d39e17afc44d568e,84,285,"['/fernando-ros', 'com/']",112,6262,13.034802784222737,431,261,1,5,0,0,0,0,0,0,0,6215012,http://www.phishtank.com/phish_detail.php?phish_id=6215012,2019-09-27T13:00:37+00:00,yes,2019-09-27T13:02:31+00:00,yes,Other
http://fernando-ros.com/wp-admin/js/BankOfAmerica/account/tologin/summary/index/Onlinebanking/bankofamerica/login.php?cmd=login_submit&amp;id=2ed492ca82bff47b4fbe7ca8ec94a45a2ed492ca82bff47b4fbe7ca8ec94a45a&amp;session=2ed492ca82bff47b4fbe7ca8ec94a45a2ed492ca82bff47b4fbe7ca8ec94a45a,60,284,"['/fernando-ros', 'com/']",112,6262,13.034802784222737,431,261,1,5,0,0,0,0,0,0,0,6215011,http://www.phishtank.com/phish_detail.php?phish_id=6215011,2019-09-27T13:00:33+00:00,yes,2019-09-27T13:01:47+00:00,yes,Other
https://fernando-ros.com/wp-admin/js/BankOfAmerica/account/tologin/summary/index/Onlinebanking/bankofamerica/login.php?cmd=login_submit&amp;id=abe354fe862c6d7a2bc7eb8428c25ec6abe354fe862c6d7a2bc7eb8428c25ec6&amp;session=abe354fe862c6d7a2bc7eb8428c25ec6abe354fe862c6d7a2bc7eb8428c25ec6,68,285,"['/fernando-ros', 'com/']",112,6262,13.034802784222737,431,261,1,5,0,0,0,0,0,0,0,6214918,http://www.phishtank.com/phish_detail.php?phish_id=6214918,2019-09-27T10:01:06+00:00,yes,2019-09-27T10:02:40+00:00,yes,Other
